Id,DISTRICT,STATE-todel,ASSAULT ON WOMEN,DACOITY,DOWRY DEATHS,KIDNAPPING AND ABDUCTION,MAJOR_CRIMES_TOTAL,MURDER,RAPE,RIOTS,ROBBERY,THEFT,total_crime,YEAR
1,Ariyalur,Tamil nadu,64,0,1,26,233,27,20,19,9,76,1977,2010
2,Chennai,Tamil nadu,45,2,16,47,1858,103,47,60,74,1540,10869,2010
3,Chennai rly,Tamil nadu,2,1,2,0,250,0,0,14,58,232,647,2010
4,Chennai city,Tamil nadu,61,1,18,30,1059,86,29,85,102,750,8670,2010
5,Coimbatore,Tamil nadu,39,11,1,62,664,41,13,83,78,425,4806,2010
6,Coimbatore City,Tamil nadu,35,1,1,22,1202,22,15,23,25,1084,4180,2010
7,Cuddalore,Tamil nadu,8,1,8,39,530,58,27,149,16,241,6179,2010
8,Dharmapuri,Tamil nadu,42,2,6,47,437,59,15,107,25,161,3761,2010
9,Dindigul,Tamil nadu,43,4,1,43,644,57,9,81,29,410,5299,2010
10,Erode,Tamil nadu,43,3,2,64,681,57,15,39,73,461,6702,2010
11,Kanchipuram,Tamil nadu,23,2,1,9,494,57,17,102,21,285,5757,2010
12,Kanyakumari,Tamil nadu,10,3,2,57,441,42,12,0,90,318,4752,2010
13,Karur,Tamil nadu,28,1,4,54,379,19,10,23,34,241,2974,2010
14,Krishnagiri,Tamil nadu,27,0,5,64,515,58,20,120,14,221,4580,2010
15,Madurai,Tamil nadu,62,2,14,58,726,59,17,168,95,348,5348,2010
16,Madurai City,Tamil nadu,12,0,11,15,592,34,3,17,77,500,2672,2010
17,Nagapattinam,Tamil nadu,57,0,1,38,367,50,9,39,18,173,4027,2010
18,Namakkal,Tamil nadu,52,6,2,48,487,50,10,70,14,255,4690,2010
19,Nilgiris,Tamil nadu,10,0,0,8,115,11,7,18,9,61,1320,2010
20,Perambalur,Tamil nadu,16,2,0,10,144,13,5,7,25,93,1536,2010
21,Pudukottai,Tamil nadu,42,3,5,54,448,45,7,45,55,250,4808,2010
22,Ramnathapuram,Tamil nadu,14,1,1,61,402,33,16,96,26,181,3462,2010
23,Salem,Tamil nadu,165,9,4,140,945,81,53,281,42,221,8634,2010
24,Salem City,Tamil nadu,25,1,3,44,473,27,21,32,70,321,3218,2010
25,Sivagangai,Tamil nadu,16,3,4,32,310,38,1,21,21,198,2611,2010
26,Thanjavur,Tamil nadu,75,4,3,42,1183,82,7,104,141,870,6946,2010
27,Theni,Tamil nadu,61,0,5,93,609,42,18,69,53,321,5384,2010
28,Thirunelveli,Tamil nadu,88,2,3,65,736,83,48,4,77,445,7777,2010
29,Thirunelveli City,Tamil nadu,5,1,0,11,313,12,16,0,26,269,1630,2010
30,Thiruvallur,Tamil nadu,10,2,6,17,305,43,18,68,6,143,3487,2010
31,Thiruvannamalai,Tamil nadu,8,3,0,55,579,43,15,195,7,263,4562,2010
32,Thiruvarur,Tamil nadu,20,1,0,22,325,29,12,53,20,189,3976,2010
33,Thoothukudi,Tamil nadu,4,1,3,32,491,84,32,0,63,336,4954,2010
34,Tiruppur,Tamil nadu,24,7,6,52,991,60,10,39,126,800,5238,2010
35,Trichy rly,Tamil nadu,0,0,1,0,75,0,0,0,16,74,195,2010
36,Trichy,Tamil nadu,26,1,5,24,352,58,8,46,45,185,4525,2010
37,Trichy City,Tamil nadu,10,0,6,27,507,15,4,12,12,433,3741,2010
38,Vellore,Tamil nadu,28,1,8,68,877,82,30,5,33,656,8249,2010
39,Villupuram,Tamil nadu,80,0,4,82,868,63,50,302,19,287,6690,2010
40,Virudhunagar,Tamil nadu,25,3,2,58,491,52,20,68,73,266,4845,2010
41,Ariyalur,Tamil nadu,47,0,1,19,247,28,16,42,9,94,1953,2011
42,Chennai,Tamil nadu,73,3,20,56,3419,168,76,160,219,2866,21346,2011
43,Chennai rly,Tamil nadu,6,1,1,1,234,6,0,4,26,216,515,2011
44,Coimbatore,Tamil nadu,43,4,1,48,616,39,5,78,112,402,4590,2011
45,Coimbatore City,Tamil nadu,32,0,2,27,950,26,9,30,48,824,4030,2011
46,Cuddalore,Tamil nadu,12,2,16,102,802,68,30,229,40,345,9215,2011
47,Dharmapuri,Tamil nadu,44,6,0,70,435,55,14,95,34,157,3574,2011
48,Dindigul,Tamil nadu,45,1,3,50,530,65,18,93,52,256,5426,2011
49,Erode,Tamil nadu,35,2,1,42,566,47,10,22,63,409,6198,2011
50,Kanchipuram,Tamil nadu,25,1,1,22,564,87,19,135,22,275,6269,2011
51,Kanyakumari,Tamil nadu,7,2,3,50,383,44,10,1,114,268,5199,2011
52,Karur,Tamil nadu,21,0,1,60,319,28,8,18,39,183,2574,2011
53,Krishnagiri,Tamil nadu,32,3,7,64,623,72,12,146,48,290,4506,2011
54,Madurai,Tamil nadu,68,18,12,94,804,71,21,183,156,355,6165,2011
55,Madurai City,Tamil nadu,22,1,5,25,574,35,7,25,85,455,2873,2011
56,Nagapattinam,Tamil nadu,40,0,5,34,360,44,13,60,25,164,4153,2011
57,Namakkal,Tamil nadu,58,3,1,63,394,38,8,53,29,173,4526,2011
58,Nilgiris,Tamil nadu,8,0,0,7,113,17,6,10,14,65,1324,2011
59,Perambalur,Tamil nadu,18,0,1,25,154,14,7,11,32,78,1518,2011
60,Pudukottai,Tamil nadu,24,2,0,43,333,35,7,55,36,169,3573,2011
61,Ramnathapuram,Tamil nadu,14,0,1,53,392,42,6,86,22,190,3511,2011
62,Salem,Tamil nadu,108,6,4,108,743,70,35,231,40,187,6222,2011
63,Salem City,Tamil nadu,21,3,2,38,412,28,23,27,60,273,3445,2011
64,Sivagangai,Tamil nadu,33,5,1,35,343,30,5,39,16,200,3074,2011
65,Thanjavur,Tamil nadu,76,1,1,46,937,61,10,155,103,588,6528,2011
66,Theni,Tamil nadu,40,2,12,88,525,34,22,68,33,261,5019,2011
67,Thirunelveli,Tamil nadu,57,1,8,56,616,94,52,4,76,345,7943,2011
68,Thirunelveli City,Tamil nadu,7,1,0,17,145,22,7,0,36,92,1234,2011
69,Thiruvallur,Tamil nadu,2,2,7,10,251,30,6,70,27,126,3453,2011
70,Thiruvannamalai,Tamil nadu,11,2,3,75,482,45,24,136,3,188,4298,2011
71,Thiruvarur,Tamil nadu,8,0,2,21,219,24,4,26,12,134,4397,2011
72,Thoothukudi,Tamil nadu,2,4,4,42,542,72,29,0,92,393,5405,2011
73,Tiruppur,Tamil nadu,42,8,9,61,1047,47,9,52,98,827,6769,2011
74,Trichy rly,Tamil nadu,3,0,0,0,113,5,0,1,3,104,230,2011
75,Trichy,Tamil nadu,38,6,2,59,422,49,13,39,79,222,4796,2011
76,Trichy City,Tamil nadu,17,0,2,28,527,27,6,10,30,437,3496,2011
77,Vellore,Tamil nadu,29,3,5,84,783,77,25,3,23,560,7672,2011
78,Villupuram,Tamil nadu,274,6,7,206,1679,87,86,522,64,497,10945,2011
79,Virudhunagar,Tamil nadu,25,2,1,55,492,46,19,90,46,256,4915,2011
80,Ariyalur,Tamil nadu,53,1,1,47,303,19,11,41,8,131,2480,2012
81,Chennai,Tamil nadu,90,2,12,87,2727,180,94,95,85,2169,19881,2012
82,Chennai rly,Tamil nadu,5,2,0,2,224,1,0,2,18,214,558,2012
83,Coimbatore,Tamil nadu,38,4,1,41,624,51,9,130,72,354,5093,2012
84,Coimbatore City,Tamil nadu,17,2,0,20,646,29,20,16,101,544,10357,2012
85,Cuddalore,Tamil nadu,64,7,8,152,1184,70,40,332,44,518,11318,2012
86,Dharmapuri,Tamil nadu,48,1,1,98,469,50,25,92,21,155,3742,2012
87,Dindigul,Tamil nadu,34,1,4,97,509,74,16,81,60,203,5985,2012
88,Erode,Tamil nadu,42,1,1,30,497,40,8,32,44,344,4789,2012
89,Kanchipuram,Tamil nadu,17,1,3,17,834,76,19,154,22,548,8040,2012
90,Kanyakumari,Tamil nadu,11,6,4,33,353,53,12,0,86,240,4810,2012
91,Karur,Tamil nadu,25,1,1,49,268,26,4,28,30,135,2401,2012
92,Krishnagiri,Tamil nadu,51,2,1,45,500,63,14,160,57,166,4196,2012
93,Madurai,Tamil nadu,75,7,11,83,841,76,30,196,121,370,6358,2012
94,Madurai City,Tamil nadu,28,2,3,65,623,31,11,26,79,459,3261,2012
95,Nagapattinam,Tamil nadu,34,2,1,42,402,56,10,59,18,200,4245,2012
96,Namakkal,Tamil nadu,39,4,1,48,271,30,12,35,44,106,4070,2012
97,Nilgiris,Tamil nadu,15,0,1,8,97,14,9,8,5,42,1216,2012
98,Perambalur,Tamil nadu,22,1,0,31,184,11,3,34,13,83,1455,2012
99,Pudukottai,Tamil nadu,26,1,0,33,292,31,6,55,18,141,3142,2012
100,Ramnathapuram,Tamil nadu,15,4,3,40,398,54,9,99,45,178,3549,2012
101,Salem,Tamil nadu,87,0,1,79,600,60,36,133,26,204,5939,2012
102,Salem City,Tamil nadu,12,4,3,23,263,16,15,32,39,162,2329,2012
103,Sivagangai,Tamil nadu,37,4,3,43,410,47,11,75,34,194,3598,2012
104,Thanjavur,Tamil nadu,76,4,1,57,806,62,14,176,100,420,6785,2012
105,Theni,Tamil nadu,50,3,5,45,459,39,22,83,48,215,4312,2012
106,Thirunelveli,Tamil nadu,58,1,3,52,479,88,44,4,103,230,9024,2012
107,Thirunelveli City,Tamil nadu,6,0,2,7,95,19,3,0,38,58,1352,2012
108,Thiruvallur,Tamil nadu,8,1,5,14,393,40,18,105,24,203,3579,2012
109,Thiruvannamalai,Tamil nadu,8,2,1,62,533,52,21,148,19,241,4874,2012
110,Thiruvarur,Tamil nadu,6,1,1,34,280,33,11,20,20,175,4039,2012
111,Thoothukudi,Tamil nadu,1,3,1,41,402,85,26,0,78,248,5324,2012
112,Tiruppur,Tamil nadu,52,6,7,51,802,63,8,67,131,554,7046,2012
113,Trichy rly,Tamil nadu,2,0,0,1,89,2,0,2,3,82,216,2012
114,Trichy,Tamil nadu,33,0,3,29,260,44,14,34,46,103,4485,2012
115,Trichy City,Tamil nadu,9,0,3,22,327,26,7,7,56,253,2926,2012
116,Vellore,Tamil nadu,38,6,8,76,720,76,24,9,40,489,7710,2012
117,Villupuram,Tamil nadu,239,7,4,202,1710,100,78,486,51,601,10486,2012
118,Virudhunagar,Tamil nadu,23,3,2,39,493,62,23,80,51,264,5504,2012
119,Ariyalur,Tamil nadu,23,2,3,19,212,18,10,42,15,97,1991,2013
120,Chennai,Tamil nadu,55,5,12,60,2172,201,83,97,81,1664,17747,2013
121,Chennai rly,Tamil nadu,5,1,0,0,289,0,0,16,18,268,598,2013
122,Coimbatore,Tamil nadu,41,2,1,30,596,50,11,84,89,379,5053,2013
123,Coimbatore City,Tamil nadu,15,3,1,9,487,26,17,12,114,407,17945,2013
124,Cuddalore,Tamil nadu,8,2,6,60,890,58,36,209,42,513,8758,2013
125,Dharmapuri,Tamil nadu,48,0,2,157,607,44,23,102,35,231,4416,2013
126,Dindigul,Tamil nadu,46,2,1,95,491,64,13,74,43,198,5845,2013
127,Erode,Tamil nadu,25,2,0,32,410,52,14,20,56,267,4342,2013
128,Kanchipuram,Tamil nadu,15,4,3,9,893,77,24,162,28,603,7977,2013
129,Kanyakumari,Tamil nadu,5,0,1,35,342,40,12,0,106,249,4203,2013
130,Karur,Tamil nadu,9,1,0,17,199,21,7,19,21,126,2013,2013
131,Krishnagiri,Tamil nadu,48,2,12,70,563,66,8,169,56,190,5101,2013
132,Madurai,Tamil nadu,73,5,4,111,1176,81,33,187,181,687,7855,2013
133,Madurai City,Tamil nadu,23,4,3,32,574,39,16,36,102,425,3031,2013
134,Nagapattinam,Tamil nadu,30,2,3,24,413,51,9,26,31,270,3919,2013
135,Namakkal,Tamil nadu,57,1,0,44,381,42,23,59,50,156,4113,2013
136,Nilgiris,Tamil nadu,18,1,0,10,115,11,15,16,6,45,1203,2013
137,Perambalur,Tamil nadu,13,0,0,4,136,14,8,25,11,72,1300,2013
138,Pudukottai,Tamil nadu,29,4,3,54,302,43,10,53,20,110,3379,2013
139,Ramnathapuram,Tamil nadu,24,1,2,25,309,50,9,72,66,127,3583,2013
140,Salem,Tamil nadu,62,5,5,69,505,54,26,132,44,157,5832,2013
141,Salem City,Tamil nadu,10,1,1,22,225,28,16,26,41,122,2852,2013
142,Sivagangai,Tamil nadu,35,4,4,34,411,47,16,55,86,220,3742,2013
143,Thanjavur,Tamil nadu,68,0,0,61,788,58,31,147,145,423,6510,2013
144,Theni,Tamil nadu,41,1,5,38,462,39,25,61,38,253,4311,2013
145,Thirunelveli,Tamil nadu,82,2,6,122,660,106,74,5,88,265,10365,2013
146,Thirunelveli City,Tamil nadu,4,1,0,14,208,24,12,0,69,154,1525,2013
147,Thiruvallur,Tamil nadu,11,3,9,23,495,31,21,172,18,228,4003,2013
148,Thiruvannamalai,Tamil nadu,31,2,2,56,516,46,50,81,15,250,4614,2013
149,Thiruvarur,Tamil nadu,5,2,1,23,287,34,15,19,34,190,3963,2013
150,Thoothukudi,Tamil nadu,35,5,2,30,488,85,52,0,82,284,5519,2013
151,Tiruppur,Tamil nadu,40,2,8,53,719,75,20,61,144,462,5895,2013
152,Trichy rly,Tamil nadu,3,0,0,0,94,0,0,0,25,91,223,2013
153,Trichy,Tamil nadu,40,5,3,35,343,52,23,44,34,146,4131,2013
154,Trichy City,Tamil nadu,18,1,0,8,292,21,10,2,44,233,2783,2013
155,Vellore,Tamil nadu,33,1,8,97,988,66,51,70,36,663,9802,2013
156,Villupuram,Tamil nadu,127,2,4,166,1200,71,67,284,29,481,8801,2013
157,Virudhunagar,Tamil nadu,16,2,3,31,440,51,33,62,43,244,4336,2013
158,Ariyalur,Tamil nadu,23,,2,,,19,6,30,,64,238,2014
159,Chennai,Tamil nadu,59,,10,,,161,65,118,,1520,263,2014
160,Coimbatore,Tamil nadu,21,,0,,,43,7,32,,361,98,2014
161,Coimbatore City,Tamil nadu,8,,0,,,21,5,25,,353,175,2014
162,Cuddalore,Tamil nadu,3,,5,,,50,14,250,,476,116,2014
163,Dharmapuri,Tamil nadu,26,,2,,,43,11,116,,282,73,2014
164,Dindigul,Tamil nadu,29,,4,,,61,15,77,,210,98,2014
165,Erode,Tamil nadu,19,,0,,,53,0,27,,298,20,2014
166,Kanchipuram,Tamil nadu,8,,2,,,66,16,119,,466,2140,2014
167,Kanyakumari,Tamil nadu,3,,2,,,41,7,0,,266,512,2014
168,Karur,Tamil nadu,20,,1,,,20,1,43,,135,13,2014
169,Krishnagiri,Tamil nadu,34,,4,,,59,13,141,,301,199,2014
170,Madurai,Tamil nadu,79,,5,,,67,37,210,,508,15,2014
171,Madurai City,Tamil nadu,22,,1,,,33,6,23,,576,67,2014
172,Nagapattinam,Tamil nadu,14,,0,,,36,16,73,,166,39,2014
173,Namakkal,Tamil nadu,48,,0,,,35,0,44,,130,19,2014
174,Nilgiris,Tamil nadu,12,,0,,,7,6,11,,44,75,2014
175,Perambalur,Tamil nadu,26,,1,,,15,7,22,,62,48,2014
176,Pudukottai,Tamil nadu,29,,2,,,34,3,38,,113,90,2014
177,Ramnathapuram,Tamil nadu,12,,3,,,45,8,65,,141,80,2014
178,Railway Chennai,Tamil nadu,4,,0,,,3,1,11,,343,1157,2014
179,Railway Trichy,Tamil nadu,0,,0,,,0,0,5,,111,2950,2014
180,Salem,Tamil nadu,46,,7,,,58,6,91,,142,4305,2014
181,Salem City,Tamil nadu,12,,1,,,36,5,44,,261,1817,2014
182,Sivagangai,Tamil nadu,13,,3,,,29,15,71,,182,1709,2014
183,Thanjavur,Tamil nadu,62,,0,,,70,8,158,,296,2807,2014
184,Theni,Tamil nadu,30,,6,,,47,8,75,,207,2379,2014
185,Thirunelveli,Tamil nadu,47,,5,,,108,36,0,,289,596,2014
186,Thirunelveli City,Tamil nadu,3,,0,,,18,6,0,,206,2594,2014
187,Thiruvallur,Tamil nadu,2,,4,,,37,8,144,,169,5478,2014
188,Thiruvannamalai,Tamil nadu,14,,6,,,47,16,115,,278,2920,2014
189,Thiruvarur,Tamil nadu,2,,1,,,26,2,34,,176,901,2014
190,Thoothugudi,Tamil nadu,44,,0,,,89,16,0,,352,2000,2014
191,Tiruppur,Tamil nadu,15,,3,,,36,6,33,,220,460,2014
192,Tiruppur City,Tamil nadu,7,,0,,,20,5,22,,338,2580,2014
193,Trichy,Tamil nadu,51,,2,,,39,8,66,,140,2345,2014
194,Trichy City,Tamil nadu,10,,0,,,24,3,10,,307,3174,2014
195,Vellore,Tamil nadu,44,,3,,,92,12,11,,750,1431,2014
196,Villupuram,Tamil nadu,176,,7,,,68,38,355,,466,2039,2014
197,Virudhunagar,Tamil nadu,25,,3,,,49,13,75,,264,1089,2014
198,Ariyalur,Tamil nadu,19,0,0,,,15,5,26,12,55,19,2015
199,Chennai,Tamil nadu,68,6,7,,,140,25,151,67,1052,223,2015
200,Coimbatore,Tamil nadu,28,2,1,,,53,5,37,71,260,8,2015
201,Coimbatore City,Tamil nadu,16,4,1,,,25,2,38,121,481,32,2015
202,Cuddalore,Tamil nadu,61,0,3,,,38,27,192,14,403,56,2015
203,Dharmapuri,Tamil nadu,30,1,0,,,27,9,75,21,202,44,2015
204,Dindigul,Tamil nadu,46,7,4,,,61,19,89,42,287,62,2015
205,Erode,Tamil nadu,23,1,0,,,46,4,22,26,226,49,2015
206,Kanchipuram,Tamil nadu,10,7,1,,,68,18,131,33,355,54,2015
207,Kanyakumari,Tamil nadu,2,0,0,,,38,9,0,26,240,54,2015
208,Karur,Tamil nadu,16,0,1,,,19,7,33,17,173,3302,2015
209,Krishnagiri,Tamil nadu,41,11,3,,,53,18,106,31,315,3966,2015
210,Madurai,Tamil nadu,73,7,2,,,65,25,186,80,333,3236,2015
211,Madurai City,Tamil nadu,26,3,0,,,45,13,51,189,381,1569,2015
212,Nagapattinam,Tamil nadu,31,1,0,,,33,11,69,22,184,3033,2015
213,Namakkal,Tamil nadu,32,2,1,,,40,5,42,27,115,2926,2015
214,Nilgiris,Tamil nadu,14,0,1,,,11,3,9,3,33,733,2015
215,Perambalur,Tamil nadu,24,1,0,,,8,2,12,12,35,2797,2015
216,Pudukottai,Tamil nadu,20,1,1,,,39,1,26,12,101,6857,2015
217,Ramnathapuram,Tamil nadu,20,3,2,,,33,12,65,43,179,2723,2015
218,Railway Chennai,Tamil nadu,8,3,1,,,1,0,14,36,466,906,2015
219,Railway Trichy,Tamil nadu,2,0,0,,,3,0,6,19,132,2215,2015
220,Salem,Tamil nadu,94,6,5,,,53,14,106,42,102,430,2015
221,Salem City,Tamil nadu,17,2,4,,,25,3,48,93,258,3218,2015
222,Sivagangai,Tamil nadu,31,1,0,,,38,16,74,78,232,2244,2015
223,Thanjavur,Tamil nadu,56,0,3,,,61,8,89,58,393,3717,2015
224,Theni,Tamil nadu,20,0,1,,,49,5,84,21,220,1683,2015
225,Thirunelveli,Tamil nadu,53,5,6,,,102,26,1,61,502,2792,2015
226,Thirunelveli City,Tamil nadu,3,0,1,,,19,5,0,15,157,1248,2015
227,Thiruvallur,Tamil nadu,8,0,1,,,44,4,156,19,161,2699,2015
228,Thiruvannamalai,Tamil nadu,9,1,1,,,45,11,156,8,366,2862,2015
229,Thiruvarur,Tamil nadu,3,2,3,,,28,1,50,30,131,2223,2015
230,Thoothukudi,Tamil nadu,18,0,0,,,81,20,0,59,433,2096,2015
231,Tiruppur,Tamil nadu,12,4,1,,,50,4,33,64,187,538,2015
232,Tiruppur City,Tamil nadu,3,0,0,,,22,1,4,48,169,2908,2015
233,Trichy,Tamil nadu,47,3,1,,,41,7,74,43,132,1544,2015
234,Trichy City,Tamil nadu,7,1,3,,,17,2,8,59,269,1715,2015
235,Vellore,Tamil nadu,40,4,1,,,80,17,12,39,701,1036,2015
236,Villupuram,Tamil nadu,101,3,2,,,74,38,313,37,550,4554,2015
237,Virudhunagar,Tamil nadu,31,1,3,,,58,19,60,65,225,1372,2015
238,Ariyalur,Tamil nadu,,,1,22,,20,4,,13,22,18,2017
239,Chennai,Tamil nadu,,,3,54,,154,31,,155,4158,136,2017
240,Coimbatore,Tamil nadu,,,0,21,,47,4,,73,207,13,2017
241,Coimbatore City,Tamil nadu,,,0,5,,21,0,,93,449,34,2017
242,Cuddalore,Tamil nadu,,,6,14,,48,21,,14,235,69,2017
243,Dharmapuri,Tamil nadu,,,0,49,,36,2,,9,218,24,2017
244,Dindigul,Tamil nadu,,,0,25,,36,6,,30,356,38,2017
245,Erode,Tamil nadu,,,1,12,,35,1,,27,264,28,2017
246,Kanchipuram,Tamil nadu,,,0,10,,67,11,,39,437,38,2017
247,Kanyakumari,Tamil nadu,,,3,18,,26,2,,11,296,46,2017
248,Karur,Tamil nadu,,,1,5,,15,3,,25,136,3549,2017
249,Krishnagiri,Tamil nadu,,,2,24,,47,2,,26,234,4413,2017
250,Madurai,Tamil nadu,,,1,73,,48,14,,80,302,2697,2017
251,Madurai City,Tamil nadu,,,0,13,,44,9,,122,592,1512,2017
252,Nagapattinam,Tamil nadu,,,3,23,,32,14,,38,205,2694,2017
253,Namakkal,Tamil nadu,,,1,14,,40,3,,26,138,3286,2017
254,Nilgiris,Tamil nadu,,,0,3,,7,3,,6,58,917,2017
255,Perambalur,Tamil nadu,,,0,0,,6,4,,25,68,2512,2017
256,Pudukottai,Tamil nadu,,,2,22,,27,3,,18,91,6224,2017
257,Ramnathapuram,Tamil nadu,,,1,19,,33,6,,13,161,3161,2017
258,Railway Chennai,Tamil nadu,,,0,0,,1,0,,136,1395,730,2017
259,Railway Trichy,Tamil nadu,,,0,0,,0,0,,18,368,2289,2017
260,Salem,Tamil nadu,,,2,33,,44,8,,37,124,464,2017
261,Salem City,Tamil nadu,,,2,4,,21,0,,53,164,3081,2017
262,Sivagangai,Tamil nadu,,,0,25,,33,9,,60,181,1952,2017
263,Thanjavur,Tamil nadu,,,1,47,,65,10,,91,290,3821,2017
264,Theni,Tamil nadu,,,1,6,,29,4,,11,213,1727,2017
265,Thirunelveli,Tamil nadu,,,0,21,,75,18,,23,480,2836,2017
266,Thirunelveli City,Tamil nadu,,,0,9,,13,3,,42,361,1059,2017
267,Thiruvallur,Tamil nadu,,,4,4,,41,7,,29,262,2485,2017
268,Thiruvannamalai,Tamil nadu,,,1,21,,54,16,,16,313,3182,2017
269,Thiruvarur,Tamil nadu,,,0,15,,25,3,,35,109,2046,2017
270,Thoothukudi,Tamil nadu,,,0,21,,69,14,,116,465,2292,2017
271,Tiruppur,Tamil nadu,,,1,13,,29,0,,40,96,706,2017
272,Tiruppur City,Tamil nadu,,,0,2,,20,1,,58,242,2947,2017
273,Trichy,Tamil nadu,,,1,12,,32,7,,41,155,1691,2017
274,Trichy City,Tamil nadu,,,0,9,,15,4,,77,376,2074,2017
275,Vellore,Tamil nadu,,,2,51,,74,8,,32,540,1581,2017
276,Villupuram,Tamil nadu,,,6,302,,82,25,,38,470,3933,2017
277,Virudhunagar,Tamil nadu,,,2,6,,49,3,,45,191,1348,2017
278,Ariyalur,Tamil nadu,10,,1,15,,17,4,,,54,1859,2018
279,Chennai,Tamil nadu,83,,7,56,,172,35,,,3891,20160,2018
280,Coimbatore,Tamil nadu,9,,0,8,,36,1,,,281,4171,2018
281,Coimbatore City,Tamil nadu,7,,0,10,,31,2,,,539,2892,2018
282,Cuddalore,Tamil nadu,100,,9,16,,53,19,,,255,7443,2018
283,Dharmapuri,Tamil nadu,9,,0,55,,35,1,,,180,2645,2018
284,Dindigul,Tamil nadu,31,,1,51,,39,8,,,281,4912,2018
285,Erode,Tamil nadu,13,,1,61,,22,2,,,269,4513,2018
286,Kanchipuram,Tamil nadu,6,,2,19,,53,13,,,331,8257,2018
287,Kanyakumari,Tamil nadu,17,,0,38,,38,9,,,332,4557,2018
288,Karur,Tamil nadu,2,,0,5,,20,4,,,131,2099,2018
289,Krishnagiri,Tamil nadu,19,,2,26,,52,3,,,182,3939,2018
290,Madurai,Tamil nadu,13,,0,80,,58,11,,,291,4635,2018
291,Madurai City,Tamil nadu,11,,2,6,,43,2,,,610,4007,2018
292,Nagapattinam,Tamil nadu,38,,4,23,,27,19,,,242,4941,2018
293,Namakkal,Tamil nadu,18,,0,12,,40,4,,,97,3464,2018
294,Nilgiris,Tamil nadu,2,,0,3,,6,3,,,48,940,2018
295,Perambalur,Tamil nadu,27,,1,3,,13,6,,,57,1382,2018
296,Pudukottai,Tamil nadu,13,,1,20,,29,6,,,111,2896,2018
297,Ramnathapuram,Tamil nadu,1,,0,17,,37,7,,,143,3005,2018
298,Railway Chennai,Tamil nadu,3,,2,1,,3,2,,,3943,4313,2018
299,Railway Trichy,Tamil nadu,0,,0,1,,3,0,,,700,820,2018
300,Salem,Tamil nadu,62,,3,35,,44,3,,,151,5265,2018
301,Salem City,Tamil nadu,5,,1,14,,18,3,,,200,2686,2018
302,Sivagangai,Tamil nadu,17,,2,95,,33,6,,,136,4204,2018
303,Thanjavur,Tamil nadu,44,,3,44,,63,9,,,233,5906,2018
304,Theni,Tamil nadu,10,,3,7,,36,3,,,179,3672,2018
305,Thirunelveli,Tamil nadu,37,,0,23,,61,28,,,440,9482,2018
306,Thirunelveli City,Tamil nadu,3,,0,6,,13,3,,,281,1455,2018
307,Thiruvallur,Tamil nadu,2,,0,4,,33,11,,,345,4505,2018
308,Thiruvannamalai,Tamil nadu,14,,1,40,,39,16,,,259,4949,2018
309,Thiruvarur,Tamil nadu,14,,1,45,,25,4,,,142,3484,2018
310,Thoothukudi,Tamil nadu,45,,0,18,,60,14,,,317,5266,2018
311,Tiruppur,Tamil nadu,12,,0,4,,39,2,,,102,3828,2018
312,Tiruppur City,Tamil nadu,3,,0,9,,25,0,,,210,1941,2018
313,Trichy,Tamil nadu,16,,3,22,,40,14,,,143,4372,2018
314,Trichy City,Tamil nadu,16,,1,9,,18,1,,,466,2608,2018
315,Vellore,Tamil nadu,29,,0,70,,75,7,,,411,10670,2018
316,Villupuram,Tamil nadu,42,,4,117,,59,29,,,421,9774,2018
317,Virudhunagar,Tamil nadu,11,,0,9,,61,17,,,166,3989,2018
318,CENTRAL,Delhi,30,3,4,62,1757,29,28,9,42,1595,3750,2001
319,DELHI UT TOTAL,Delhi,502,48,113,1627,22611,547,381,165,624,19276,54384,2001
320,EAST,Delhi,56,4,11,163,1981,56,24,20,47,1651,4447,2001
321,G.R.P.(RLY),Delhi,4,1,0,7,1453,11,1,0,11,1430,1630,2001
322,I.G.I. AIRPORT,Delhi,0,0,0,4,59,2,0,1,2,52,625,2001
323,NEW DELHI,Delhi,20,1,0,27,1318,11,9,14,22,1237,2660,2001
324,NORTH,Delhi,26,2,4,99,1560,28,28,11,52,1364,3998,2001
325,NORTH EAST,Delhi,34,3,20,157,1277,62,36,7,74,961,3449,2001
326,NORTH WEST,Delhi,102,14,25,518,3752,134,103,20,122,2850,10001,2001
327,S.T.F.,Delhi,0,0,0,0,0,0,0,0,0,0,0,2001
328,SOUTH,Delhi,96,9,15,265,4790,83,65,46,120,4220,10745,2001
329,SOUTH WEST,Delhi,69,9,16,174,2210,61,42,32,74,1816,5389,2001
330,WEST,Delhi,65,2,18,151,2454,70,45,5,58,2100,7690,2001
331,CENTRAL,Delhi,41,1,2,71,1523,23,22,8,39,1356,3578,2002
332,DELHI UT TOTAL,Delhi,446,47,135,1323,19602,531,403,139,502,16625,49137,2002
333,EAST,Delhi,55,7,19,141,1729,50,10,14,37,1440,3881,2002
334,G.R.P.(RLY),Delhi,3,1,0,3,1288,2,0,0,12,1280,1407,2002
335,I.G.I. AIRPORT,Delhi,2,0,0,1,60,4,0,1,2,52,724,2002
336,NEW DELHI,Delhi,11,0,0,20,1204,6,8,10,20,1149,2406,2002
337,NORTH,Delhi,31,7,5,84,1384,40,27,14,43,1183,3681,2002
338,NORTH EAST,Delhi,27,2,13,156,1191,66,39,12,65,878,2957,2002
339,NORTH WEST,Delhi,101,20,26,430,3116,135,120,14,112,2290,9191,2002
340,S.T.F.,Delhi,0,0,0,0,0,0,0,0,0,0,0,2002
341,SOUTH,Delhi,76,4,22,163,3984,80,65,37,74,3541,9306,2002
342,SOUTH WEST,Delhi,62,4,21,126,1884,52,68,24,48,1531,4814,2002
343,SPL CELL,Delhi,0,0,0,0,0,0,0,0,0,0,44,2002
344,WEST,Delhi,37,1,27,128,2239,73,44,5,50,1925,7148,2002
345,CENTRAL,Delhi,29,2,4,63,1332,29,20,0,14,1187,2998,2003
346,DELHI UT TOTAL,Delhi,489,28,130,1156,18374,485,490,80,441,15544,47404,2003
347,EAST,Delhi,73,4,15,158,2093,44,37,9,39,1757,4331,2003
348,G.R.P.(RLY),Delhi,4,0,3,6,1038,8,0,2,14,1015,1168,2003
349,I.G.I. AIRPORT,Delhi,5,0,0,2,86,2,0,3,4,74,668,2003
350,NEW DELHI,Delhi,20,1,1,24,927,7,8,4,16,863,2177,2003
351,NORTH,Delhi,16,1,4,63,1079,32,34,7,35,923,3391,2003
352,NORTH EAST,Delhi,41,4,20,182,1150,54,53,4,56,796,3125,2003
353,NORTH WEST,Delhi,102,6,27,301,2862,106,128,7,93,2191,8782,2003
354,S.T.F.,Delhi,0,0,0,0,0,0,0,0,0,0,68,2003
355,SOUTH,Delhi,89,4,24,134,3742,86,83,19,57,3307,8440,2003
356,SOUTH WEST,Delhi,52,3,22,118,1711,45,57,21,60,1396,5179,2003
357,WEST,Delhi,58,3,10,105,2354,72,70,4,53,2035,7077,2003
358,CENTRAL,Delhi,44,1,1,57,1477,16,27,8,18,1324,3335,2004
359,DELHI UT TOTAL,Delhi,601,30,126,1209,22029,481,551,67,461,18994,53623,2004
360,EAST,Delhi,82,6,13,172,2662,52,62,6,52,2275,5528,2004
361,G.R.P.(RLY),Delhi,2,1,2,5,1091,6,5,0,6,1071,1235,2004
362,I.G.I. AIRPORT,Delhi,7,0,0,5,104,1,1,2,6,88,683,2004
363,NEW DELHI,Delhi,34,0,1,20,1237,6,8,2,9,1166,2651,2004
364,NORTH,Delhi,21,5,6,85,1321,25,23,6,30,1155,3418,2004
365,NORTH EAST,Delhi,46,4,18,157,1379,54,67,4,65,1033,3896,2004
366,NORTH WEST,Delhi,129,4,29,285,3301,129,124,11,120,2594,9840,2004
367,S.T.F.,Delhi,1,0,0,0,5,1,1,0,0,2,90,2004
368,SOUTH,Delhi,130,5,21,216,4553,80,96,10,54,4000,9672,2004
369,SOUTH WEST,Delhi,59,3,11,97,2077,44,79,13,51,1774,5932,2004
370,WEST,Delhi,46,1,24,110,2822,67,58,5,50,2512,7343,2004
371,CENTRAL,Delhi,40,1,4,52,1332,23,20,1,20,1192,3529,2005
372,DELHI UT TOTAL,Delhi,762,27,114,1590,21595,455,658,61,510,17955,56065,2005
373,EAST,Delhi,105,1,12,153,2398,31,59,8,58,2030,5453,2005
374,G.R.P.(RLY),Delhi,5,0,1,4,1082,16,2,1,6,1053,1201,2005
375,IGI AIRPORT,Delhi,1,0,0,4,87,1,1,0,2,80,816,2005
376,NEW DELHI,Delhi,26,0,2,19,875,10,6,9,13,803,2295,2005
377,NORTH,Delhi,45,3,2,78,1076,24,22,5,34,900,3306,2005
378,NORTH-EAST,Delhi,79,4,29,212,1749,51,106,6,60,1266,4849,2005
379,NORTH-WEST,Delhi,138,9,23,572,3669,128,190,13,124,2605,11019,2005
380,SOUTH,Delhi,151,4,19,231,4667,67,87,8,93,4104,10529,2005
381,SOUTH-WEST,Delhi,86,2,12,114,1890,47,71,9,51,1551,5762,2005
382,SPL CELL,Delhi,0,0,0,0,1,0,0,0,0,1,89,2005
383,WEST,Delhi,86,3,10,151,2769,57,94,1,49,2370,7217,2005
384,CENTRAL,Delhi,21,0,3,73,1177,22,17,5,22,1036,3706,2006
385,DELHI UT TOTAL,Delhi,718,14,137,1442,20981,476,623,87,541,17498,57963,2006
386,EAST,Delhi,86,3,9,118,2423,39,61,14,66,2096,5573,2006
387,GRP(RLY),Delhi,0,0,1,11,963,5,1,0,3,945,1076,2006
388,IGI AIRPORT,Delhi,2,0,0,8,172,2,0,0,8,160,924,2006
389,NEW DELHI,Delhi,31,0,0,26,839,7,6,15,20,754,2288,2006
390,NORTH,Delhi,27,0,8,41,831,28,22,4,29,701,3016,2006
391,NORTH-EAST,Delhi,92,3,28,197,1728,61,93,11,82,1246,5389,2006
392,NORTH-WEST,Delhi,137,4,28,437,3601,128,169,12,105,2690,11146,2006
393,SOUTH,Delhi,141,2,19,215,4360,66,87,12,117,3820,10854,2006
394,SOUTH-WEST,Delhi,84,0,24,161,2148,52,79,9,48,1739,6584,2006
395,STF,Delhi,0,0,0,0,1,0,0,0,2,1,39,2006
396,WEST,Delhi,97,2,17,155,2738,66,88,5,39,2310,7368,2006
397,CENTRAL,Delhi,38,1,6,70,1236,27,22,4,28,1069,3248,2007
398,DELHI UT TOTAL,Delhi,868,34,138,1688,20911,495,598,87,557,17037,56065,2007
399,EAST,Delhi,112,7,16,145,2636,34,73,17,102,2239,6016,2007
400,GRP(RLY),Delhi,4,0,0,12,818,3,4,0,2,795,926,2007
401,IGI AIRPORT,Delhi,8,0,0,3,157,1,0,1,6,144,662,2007
402,NEW DELHI,Delhi,23,1,0,12,751,4,7,7,23,698,2195,2007
403,NORTH,Delhi,43,5,6,64,922,22,33,7,33,747,3352,2007
404,NORTH-EAST,Delhi,120,2,17,241,1822,66,89,2,55,1287,5121,2007
405,NORTH-WEST,Delhi,64,4,7,208,2234,57,51,6,63,1841,5189,2007
406,OUTER,Delhi,100,4,29,360,1940,102,121,12,85,1216,5690,2007
407,SOUTH,Delhi,169,2,22,256,3796,68,83,19,75,3179,10414,2007
408,SOUTH-WEST,Delhi,85,7,19,148,2165,51,51,9,47,1802,6821,2007
409,STF,Delhi,0,1,0,0,0,0,0,0,0,0,40,2007
410,WEST,Delhi,102,0,16,169,2434,60,64,3,38,2020,6391,2007
411,CAW,Delhi,1,0,0,0,1,0,0,0,0,0,107,2008
412,CENTRAL,Delhi,38,0,6,84,1586,34,30,2,33,1392,3100,2008
413,CRIME BRANCH,Delhi,0,0,0,0,2,1,0,0,0,1,30,2008
414,DELHI UT TOTAL,Delhi,611,24,129,1567,22265,554,466,71,541,18867,49350,2008
415,EAST,Delhi,93,5,21,191,2911,49,73,13,74,2471,5540,2008
416,EOW,Delhi,0,0,0,0,0,0,0,0,0,0,170,2008
417,GRP(RLY),Delhi,1,1,1,6,835,6,0,0,2,821,951,2008
418,IGI AIRPORT,Delhi,2,0,0,1,85,1,0,1,3,80,530,2008
419,NEW DELHI,Delhi,18,0,1,19,757,9,3,11,14,696,1859,2008
420,NORTH,Delhi,35,2,4,80,1100,25,20,4,56,932,3113,2008
421,NORTH-EAST,Delhi,77,0,17,210,1953,92,32,7,47,1518,4514,2008
422,NORTH-WEST,Delhi,48,3,12,137,2072,54,59,2,85,1760,4204,2008
423,OUTER,Delhi,48,7,21,355,2434,77,59,3,43,1871,5237,2008
424,SOUTH,Delhi,52,1,8,70,2170,37,37,8,42,1958,4821,2008
425,SOUTH-EAST,Delhi,82,1,15,182,2577,66,61,9,66,2162,5904,2008
426,SOUTH-WEST,Delhi,39,2,9,87,1350,57,38,7,37,1113,3945,2008
427,STF,Delhi,0,0,0,0,0,0,0,0,0,0,39,2008
428,WEST,Delhi,77,2,14,145,2432,46,54,4,39,2092,5286,2008
429,CAW,Delhi,1,0,0,0,1,0,0,0,0,0,194,2009
430,CENTRAL,Delhi,34,0,6,93,1568,28,28,4,33,1375,2833,2009
431,CRIME BRANCH,Delhi,0,0,0,0,7,1,2,0,1,4,91,2009
432,DELHI UT TOTAL,Delhi,552,36,141,2536,26038,552,469,57,515,21731,50251,2009
433,EAST,Delhi,81,9,10,299,3522,56,52,9,52,3015,6379,2009
434,EOW,Delhi,1,0,0,0,1,0,0,0,0,0,190,2009
435,GRP(RLY),Delhi,0,2,1,11,750,9,4,0,10,725,864,2009
436,IGI AIRPORT,Delhi,2,1,0,2,71,1,0,0,1,66,569,2009
437,NEW DELHI,Delhi,17,2,1,46,659,5,6,3,14,581,1492,2009
438,NORTH,Delhi,35,1,8,140,1357,44,19,4,24,1107,2908,2009
439,NORTH-EAST,Delhi,67,5,15,375,2671,74,47,7,53,2086,4720,2009
440,NORTH-WEST,Delhi,39,6,13,218,2545,56,54,6,118,2159,4676,2009
441,OUTER,Delhi,61,3,21,332,2509,74,41,6,21,1974,4969,2009
442,SOUTH,Delhi,45,0,10,133,2785,42,42,7,36,2506,5353,2009
443,SOUTH-EAST,Delhi,78,1,18,318,3165,48,59,3,62,2641,6267,2009
444,SOUTH-WEST,Delhi,53,4,17,241,1774,65,52,5,44,1341,3610,2009
445,STF,Delhi,0,0,0,0,0,0,0,0,0,0,25,2009
446,WEST,Delhi,38,2,21,328,2653,49,63,3,46,2151,5111,2009
447,CENTRAL,Delhi,,,2,283,,9,76,,165,7362,2114,2017
448,CRIME BRANCH,Delhi,,,0,2,,1,2,,0,2,2336,2017
449,EAST,Delhi,,,4,339,,28,106,,220,14186,2437,2017
450,EOW,Delhi,,,0,0,,0,0,,0,0,2687,2017
451,I.G.I. AIRPORT,Delhi,,,0,1,,1,1,,0,263,4560,2017
452,METRO,Delhi,,,0,13,,0,0,,2,12786,4390,2017
453,NEW DELHI,Delhi,,,1,64,,4,10,,33,2599,2204,2017
454,NORTH,Delhi,,,2,256,,35,35,,109,7713,3395,2017
455,NORTH EAST,Delhi,,,24,718,,49,99,,473,11552,3469,2017
456,NORTH WEST,Delhi,,,7,580,,48,116,,348,15913,983,2017
457,OUTER,Delhi,,,19,726,,53,115,,216,10688,1728,2017
458,RAILWAY,Delhi,,,0,27,,7,2,,10,4149,3421,2017
459,SOUTH,Delhi,,,9,448,,35,123,,255,15838,5671,2017
460,SOUTH WEST,Delhi,,,7,537,,41,102,,188,14585,2179,2017
461,SOUTH-WEST,Delhi,,,8,271,,11,86,,92,6864,3756,2017
462,spl CELL,Delhi,,,0,0,,0,0,,0,0,6313,2017
463,SPUWAC,Delhi,,,0,0,,0,0,,0,0,1868,2017
464,VIGILANCE,Delhi,,,0,0,,0,0,,0,0,1193,2017
465,WEST,Delhi,,,5,311,,23,79,,295,13790,2493,2017
466,ROHINI,Delhi,,,18,664,,74,120,,334,14620,3809,2017
467,SHAHDARA,Delhi,,,5,285,,18,62,,258,11565,3796,2017
468,DWARKA,Delhi,,,9,570,,50,95,,149,9521,3807,2017
469,CENTRAL,Delhi,171,,9,237,,21,67,,,8047,11426,2018
470,CRIME BRANCH,Delhi,1,,0,3,,3,2,,,5,117,2018
471,EAST,Delhi,173,,4,387,,26,110,,,14514,17608,2018
472,EOW,Delhi,0,,0,0,,0,0,,,0,266,2018
473,I.G.I. AIRPORT,Delhi,14,,0,0,,1,0,,,242,643,2018
474,METRO,Delhi,18,,0,2,,1,0,,,5510,5610,2018
475,NEW DELHI,Delhi,51,,0,61,,7,13,,,2162,3026,2018
476,NORTH,Delhi,138,,3,254,,23,52,,,12269,14972,2018
477,NORTH EAST,Delhi,180,,18,629,,39,81,,,13794,18114,2018
478,NORTH WEST,Delhi,191,,14,581,,59,138,,,20677,25960,2018
479,OUTER,Delhi,274,,24,781,,54,108,,,12935,18194,2018
480,RAILWAY,Delhi,9,,0,24,,4,1,,,3298,3404,2018
481,SOUTH,Delhi,212,,15,467,,39,95,,,18968,23484,2018
482,SOUTH WEST,Delhi,244,,16,495,,48,105,,,18362,22645,2018
483,SOUTH-WEST,Delhi,199,,7,425,,17,95,,,8971,12170,2018
484,spl CELL,Delhi,3,,0,1,,0,1,,,0,56,2018
485,SPUWAC,Delhi,0,,0,0,,0,0,,,0,87,2018
486,VIGILANCE,Delhi,0,,0,0,,0,0,,,0,0,2018
487,WEST,Delhi,216,,7,318,,32,92,,,13967,18253,2018
488,ROHINI,Delhi,214,,10,595,,69,93,,,16863,21282,2018
489,SHAHDARA,Delhi,152,,8,273,,24,59,,,12251,14683,2018
490,DWARKA,Delhi,245,,18,530,,46,103,,,12853,17012,2018
491,Alapuzha,Kerala,176,6,0,21,994,27,40,443,43,287,7842,2010
492,Ernakulam Commr.,Kerala,67,2,2,8,578,4,20,244,34,233,25735,2010
493,Ernakulam Rural,Kerala,146,3,1,14,852,25,42,323,56,301,12225,2010
494,Idukki,Kerala,177,1,0,7,684,15,33,307,11,145,8620,2010
495,Kannur,Kerala,131,12,0,11,1282,26,23,935,61,156,5850,2010
496,Kasargod,Kerala,93,1,1,9,670,8,23,428,22,108,3238,2010
497,Kollam,Kerala,364,6,4,36,1793,40,55,894,37,400,11879,2010
498,Kottayam,Kerala,236,2,0,11,979,17,46,423,32,246,8151,2010
499,Kozhikode Commr.,Kerala,70,2,1,11,733,7,16,265,73,363,3938,2010
500,Kozhikode Rural,Kerala,146,9,1,17,1172,16,35,838,16,119,7358,2010
501,Malappuram,Kerala,156,8,0,21,1251,14,49,705,41,306,9196,2010
502,Palakkad,Kerala,96,2,4,11,911,42,49,523,13,186,10449,2010
503,Pathanamthitta,Kerala,132,1,2,11,701,19,29,328,24,180,4971,2010
504,Railways,Kerala,12,0,0,1,243,1,0,6,9,223,333,2010
505,Thrissur,Kerala,205,6,1,16,1388,30,49,791,43,296,11420,2010
506,Thrissur Commr.,Kerala,194,4,3,22,1162,15,27,477,76,424,5652,2010
507,Trivandrum Rural,Kerala,476,8,1,31,1570,42,68,610,42,342,8696,2010
508,Wayanadu,Kerala,59,1,1,3,357,15,30,184,3,65,2760,2010
509,Alapuzha,Kerala,245,1,1,15,1083,25,56,473,35,268,9927,2011
510,Ernakulam Commr.,Kerala,149,6,1,11,1038,26,62,502,31,287,13192,2011
511,Ernakulam Rural,Kerala,105,6,0,12,812,15,30,343,38,307,34638,2011
512,Idukki,Kerala,169,3,0,10,710,20,54,296,23,161,6196,2011
513,Kannur,Kerala,161,6,0,14,1572,20,55,1065,94,257,7989,2011
514,Kasargod,Kerala,136,5,0,15,1027,19,125,607,35,125,3942,2011
515,Kollam Commr,Kerala,192,4,1,21,1108,14,51,602,16,227,6357,2011
516,Kollam Rural,Kerala,255,1,0,13,973,29,46,460,24,170,6536,2011
517,Kottayam,Kerala,258,3,2,24,1123,22,51,485,30,281,8448,2011
518,Kozhikode Commr.,Kerala,124,0,0,11,841,5,14,446,48,241,3996,2011
519,Kozhikode Rural,Kerala,179,2,1,21,1413,12,46,997,27,157,7409,2011
520,Malappuram,Kerala,232,8,0,24,1554,13,83,822,59,380,13026,2011
521,Palakkad,Kerala,156,5,2,13,1217,41,85,684,36,236,7721,2011
522,Pathanamthitta,Kerala,157,0,0,17,827,20,33,418,20,182,5532,2011
523,Railways,Kerala,25,0,0,0,282,1,0,6,2,250,362,2011
524,Thrissur,Kerala,100,7,0,12,654,8,28,362,28,144,4891,2011
525,Thrissur Commr.,Kerala,263,3,1,12,1217,24,69,597,34,251,11486,2011
526,Trivandrum commd,Kerala,241,2,0,25,1246,8,39,526,79,407,6591,2011
527,Trivandrum Rural,Kerala,547,8,4,21,1892,32,140,858,69,290,9642,2011
528,Wayanadu,Kerala,62,1,2,8,436,11,65,205,13,83,4256,2011
529,Alapuzha,Kerala,250,2,1,18,1117,20,44,553,16,231,8555,2012
530,Ernakulam Commr.,Kerala,108,5,0,6,852,9,28,393,25,308,17324,2012
531,Ernakulam Rural,Kerala,162,5,0,10,992,21,59,470,36,270,10678,2012
532,Idukki,Kerala,189,5,2,10,720,22,53,295,13,149,5134,2012
533,Kannur,Kerala,183,7,0,23,1788,32,66,1277,71,207,8400,2012
534,Kasargod,Kerala,156,6,3,17,992,14,89,590,36,123,5174,2012
535,Kollam Commr,Kerala,171,3,4,21,768,21,46,293,62,212,7074,2012
536,Kollam Rural,Kerala,270,2,1,14,992,30,49,469,30,159,5981,2012
537,Kottayam,Kerala,265,2,1,19,1108,20,55,483,26,265,12355,2012
538,Kozhikode Commr.,Kerala,103,2,0,5,646,7,36,353,65,142,4156,2012
539,Kozhikode Rural,Kerala,153,3,0,16,1503,9,42,1102,31,181,5645,2012
540,Malappuram,Kerala,221,4,2,10,1391,16,97,792,33,253,14385,2012
541,Palakkad,Kerala,146,6,5,13,1178,32,68,706,30,208,8611,2012
542,Pathanamthitta,Kerala,137,1,2,17,788,28,32,411,18,161,5327,2012
543,Railways,Kerala,46,0,0,4,248,0,0,5,3,193,348,2012
544,Thrissur,Kerala,111,1,0,13,775,9,35,443,28,164,6231,2012
545,Thrissur Commr.,Kerala,218,6,2,12,1086,18,46,588,40,202,13403,2012
546,Trivandrum commd,Kerala,226,4,0,23,1218,14,41,629,101,285,7253,2012
547,Trivandrum Rural,Kerala,541,8,8,18,1845,42,97,826,48,313,10065,2012
548,Wayanadu,Kerala,79,0,1,12,450,10,36,260,13,52,2890,2012
549,Alapuzha,Kerala,293,3,1,14,1052,19,45,483,39,197,10198,2013
550,Ernakulam Commr.,Kerala,169,5,0,10,866,7,40,333,39,307,13499,2013
551,Ernakulam Rural,Kerala,238,7,2,14,1166,23,67,543,65,279,14462,2013
552,Idukki,Kerala,218,5,0,4,748,21,67,286,17,152,5101,2013
553,Kannur,Kerala,191,5,0,22,1204,19,60,763,62,149,6899,2013
554,Kasargod,Kerala,163,3,2,21,968,18,81,513,30,170,5401,2013
555,Kollam Commr,Kerala,198,3,1,18,758,16,64,311,66,150,7790,2013
556,Kollam Rural,Kerala,273,2,2,12,1099,19,92,515,14,186,7257,2013
557,Kottayam,Kerala,251,0,0,12,1070,25,47,486,35,249,12314,2013
558,Kozhikode Commr.,Kerala,110,4,0,11,694,13,30,336,43,194,3966,2013
559,Kozhikode Rural,Kerala,208,0,0,19,1360,8,64,896,22,165,6132,2013
560,Malappuram,Kerala,272,3,0,11,1621,25,99,947,33,267,17840,2013
561,Palakkad,Kerala,161,2,0,18,1256,25,93,756,43,203,11848,2013
562,Pathanamthitta,Kerala,187,0,1,4,846,25,45,423,37,161,6002,2013
563,Railways,Kerala,33,0,0,1,269,2,0,4,3,229,368,2013
564,Thrissur,Kerala,85,2,1,2,677,19,29,384,21,157,6485,2013
565,Thrissur Commr.,Kerala,258,5,3,13,1042,13,64,512,39,179,17207,2013
566,Trivandrum commd,Kerala,299,3,1,7,1212,12,54,565,73,274,10171,2013
567,Trivandrum Rural,Kerala,641,14,6,32,1947,44,130,748,87,346,10326,2013
568,Wayanadu,Kerala,114,1,1,7,494,19,50,238,16,65,3068,2013
569,Alapuzha,Kerala,245,,0,,,19,61,238,,226,4047,2014
570,Ernakulam Commr.,Kerala,158,,0,,,13,64,57,,331,2581,2014
571,Ernakulam Rural,Kerala,224,,0,,,19,71,321,,363,2262,2014
572,Idukki,Kerala,186,,2,,,20,71,216,,144,2414,2014
573,Kannur,Kerala,222,,1,,,22,59,745,,149,3247,2014
574,Kasargod,Kerala,123,,0,,,16,59,422,,161,1594,2014
575,Kollam Commr.,Kerala,287,,1,,,10,78,301,,143,4654,2014
576,Kollam Rural,Kerala,240,,2,,,28,81,293,,161,2781,2014
577,Kottayam,Kerala,204,,0,,,17,75,186,,235,3820,2014
578,Kozhikode Commr.,Kerala,107,,1,,,8,35,220,,282,3482,2014
579,Kozhikode Rural,Kerala,226,,0,,,9,52,408,,203,4311,2014
580,Malappuram,Kerala,346,,1,,,19,103,682,,310,3347,2014
581,Palakkad,Kerala,182,,7,,,23,88,473,,308,192,2014
582,Pathanamthitta,Kerala,163,,0,,,11,63,89,,228,79947,2014
583,Railways,Kerala,74,,0,,,3,0,7,,299,651,2014
584,Thrissur Commr.,Kerala,109,,0,,,17,38,98,,165,1185,2014
585,Thrissur Rural,Kerala,298,,2,,,24,94,278,,263,761,2014
586,Trivandrum Commr.,Kerala,254,,2,,,13,56,226,,325,4,2014
587,Trivandrum Rural,Kerala,581,,6,,,45,122,416,,338,9,2014
588,Wayanadu,Kerala,134,,0,,,9,75,143,,64,845,2014
589,Crime Branch,Kerala,4,,3,,,22,2,1,,2,2698,2014
590,Alapuzha,Kerala,201,1,0,,,22,48,274,26,222,2450,2015
591,Ernakulam Commr.,Kerala,140,8,0,,,11,51,43,33,323,2891,2015
592,Ernakulam Rural,Kerala,177,3,1,,,21,79,215,18,217,2166,2015
593,Idukki,Kerala,181,1,0,,,17,85,293,8,125,4456,2015
594,Kannur,Kerala,219,4,1,,,21,56,642,56,168,3326,2015
595,Kasargod,Kerala,147,2,0,,,16,57,532,28,252,2423,2015
596,Kollam Commr.,Kerala,172,5,0,,,18,56,217,43,126,2367,2015
597,Kollam Rural,Kerala,218,0,0,,,16,52,262,9,155,3637,2015
598,Kottayam,Kerala,153,0,0,,,21,48,220,17,164,1550,2015
599,Kozhikode Commr.,Kerala,126,0,1,,,8,32,226,56,289,4146,2015
600,Kozhikode Rural,Kerala,238,41,0,,,15,45,320,42,268,3233,2015
601,Malappuram,Kerala,321,5,0,,,15,129,778,76,342,4698,2015
602,Palakkad,Kerala,144,3,1,,,27,72,593,99,361,2845,2015
603,Pathanamthitta,Kerala,178,2,0,,,14,62,114,16,133,4692,2015
604,Railways,Kerala,43,0,0,,,1,1,2,11,228,3446,2015
605,Thrissur Commr.,Kerala,102,2,0,,,6,45,108,32,175,219,2015
606,Thrissur Rural,Kerala,267,3,2,,,19,65,304,37,238,585,2015
607,Trivandrum Commr.,Kerala,207,1,0,,,9,38,159,45,232,1137,2015
608,Trivandrum Rural,Kerala,603,7,1,,,34,129,287,102,318,693,2015
609,Wayanadu,Kerala,144,2,0,,,7,104,240,13,84,16,2015
610,Crime Branch,Kerala,6,2,1,,,16,2,1,0,2,10,2015
611,Alapuzha,Kerala,194,,,,,14,97,209,32,187,12463,2016
612,Ernakulam Commr.,Kerala,162,,,,,10,62,32,42,239,5454,2016
613,Ernakulam Rural,Kerala,207,,,,,25,112,253,52,255,2597,2016
614,Idukki,Kerala,198,,,,,10,87,248,14,182,3358,2016
615,Kannur,Kerala,164,,,,,22,76,545,74,132,2432,2016
616,Kasargod,Kerala,165,,,,,12,73,550,28,431,5543,2016
617,Kollam Commr.,Kerala,180,,,,,16,76,174,42,119,3516,2016
618,Kollam Rural,Kerala,262,,,,,18,79,211,14,104,2292,2016
619,Kottayam,Kerala,212,,,,,22,87,215,44,240,2180,2016
620,Kozhikode Commr.,Kerala,109,,,,,3,52,189,62,176,3862,2016
621,Kozhikode Rural,Kerala,245,,,,,8,61,448,35,212,1439,2016
622,Malappuram,Kerala,275,,,,,25,160,775,67,287,4733,2016
623,Palakkad,Kerala,126,,,,,21,122,389,89,206,2870,2016
624,Pathanamthitta,Kerala,202,,,,,12,82,94,28,146,5999,2016
625,Railways,Kerala,36,,,,,0,0,1,12,155,2677,2016
626,Thrissur Commr.,Kerala,67,,,,,5,46,68,24,114,4699,2016
627,Thrissur Rural,Kerala,258,,,,,24,96,188,41,218,3602,2016
628,Trivandrum Commr.,Kerala,250,,,,,15,66,21,71,241,201,2016
629,Trivandrum Rural,Kerala,540,,,,,28,138,206,116,208,592,2016
630,Wayanadu,Kerala,177,,,,,10,82,264,21,82,1049,2016
631,Crime Branch,Kerala,0,,,,,5,2,9,0,2,628,2016
632,Alapuzha,Kerala,,,0,20,,19,95,,29,157,1639,2017
633,Ernakulam Commr.,Kerala,,,0,19,,11,85,,31,311,13688,2017
634,Ernakulam Rural,Kerala,,,0,23,,17,115,,39,254,4258,2017
635,Idukki,Kerala,,,1,16,,20,92,,12,160,3600,2017
636,Kannur,Kerala,,,1,8,,20,74,,48,91,4264,2017
637,Kasargod,Kerala,,,0,12,,11,85,,37,431,2586,2017
638,Kollam Commr.,Kerala,,,1,11,,10,95,,35,126,5427,2017
639,Kollam Rural,Kerala,,,1,11,,22,120,,13,131,3080,2017
640,Kottayam,Kerala,,,0,19,,10,104,,41,147,2376,2017
641,Kozhikode Commr.,Kerala,,,0,13,,7,54,,59,219,2491,2017
642,Kozhikode Rural,Kerala,,,0,19,,5,92,,18,165,3771,2017
643,Malappuram,Kerala,,,4,23,,18,165,,82,191,1934,2017
644,Palakkad,Kerala,,,0,25,,27,209,,93,199,5734,2017
645,Pathanamthitta,Kerala,,,0,6,,30,83,,24,112,2947,2017
646,Railways,Kerala,,,0,1,,0,0,,32,175,5510,2017
647,Thrissur Commr.,Kerala,,,0,8,,11,59,,33,185,2870,2017
648,Thrissur Rural,Kerala,,,0,12,,23,120,,46,175,5256,2017
649,Trivandrum Commr.,Kerala,,,0,18,,13,77,,63,263,4463,2017
650,Trivandrum Rural,Kerala,,,4,17,,27,206,,65,282,331,2017
651,Wayanadu,Kerala,,,0,11,,4,68,,7,65,1228,2017
652,Crime Branch,Kerala,,,0,1,,0,5,,0,5,1582,2017
653,Alapuzha,Kerala,261,,0,25,,12,113,,,207,17255,2018
654,Ernakulam Commr.,Kerala,256,,1,11,,12,88,,,301,20388,2018
655,Ernakulam Rural,Kerala,312,,0,20,,16,125,,,279,16896,2018
656,Idukki,Kerala,231,,0,12,,18,63,,,166,6348,2018
657,Kannur,Kerala,183,,0,12,,18,104,,,139,5836,2018
658,Kasargod,Kerala,176,,0,10,,11,71,,,164,3775,2018
659,Kollam Commr.,Kerala,224,,4,16,,16,80,,,118,7181,2018
660,Kollam Rural,Kerala,303,,0,17,,26,94,,,107,14017,2018
661,Kottayam,Kerala,218,,0,13,,15,137,,,180,8799,2018
662,Kozhikode Commr.,Kerala,137,,0,19,,8,40,,,214,3964,2018
663,Kozhikode Rural,Kerala,251,,2,23,,11,91,,,112,4929,2018
664,Malappuram,Kerala,409,,2,24,,18,189,,,232,7143,2018
665,Palakkad,Kerala,177,,1,24,,19,146,,,232,16462,2018
666,Pathanamthitta,Kerala,186,,0,7,,16,92,,,91,8202,2018
667,Railways,Kerala,37,,0,1,,0,0,,,159,280,2018
668,Thrissur Commr.,Kerala,142,,1,7,,11,115,,,213,6490,2018
669,Thrissur Rural,Kerala,181,,0,7,,15,66,,,124,5269,2018
670,Trivandrum Commr.,Kerala,186,,1,17,,15,80,,,252,13008,2018
671,Trivandrum Rural,Kerala,529,,2,21,,21,156,,,293,17844,2018
672,Wayanadu,Kerala,138,,2,11,,12,86,,,63,2487,2018
673,Crime Branch,Kerala,7,,1,0,,2,9,,,5,385,2018
674,PONDICHERRY,Puducherry,35,1,1,4,702,25,9,100,4,528,4068,2001
675,PONDICHERRY,Puducherry,59,2,5,10,828,29,6,193,6,526,4437,2002
676,PONDICHERRY,Puducherry,56,2,1,18,832,29,2,159,11,567,4517,2003
677,PONDICHERRY,Puducherry,50,0,6,10,876,25,4,147,1,634,4620,2004
678,PONDICHERRY,Puducherry,60,1,4,6,720,19,6,159,5,466,4575,2005
679,KARAIKAL,Puducherry,7,0,1,5,151,2,1,41,1,94,772,2006
680,PONDICHERRY,Puducherry,49,2,2,13,719,28,8,153,2,466,3915,2006
681,KARAIKAL,Puducherry,33,0,0,5,161,4,3,29,0,87,766,2007
682,PONDICHERRY,Puducherry,56,1,2,15,925,30,6,116,8,700,4288,2007
683,KARAIKAL,Puducherry,25,0,0,2,140,5,1,36,0,71,727,2008
684,PUDUCHERRY,Puducherry,40,10,2,15,840,30,7,129,10,617,4262,2008
685,KARAIKAL,Puducherry,16,0,0,1,99,6,0,25,0,51,724,2009
686,PUDUCHERRY,Puducherry,37,7,0,17,862,31,1,116,9,660,3867,2009
687,KARAIKAL,Puducherry,15,0,0,2,100,4,1,31,0,47,762,2010
688,Karaikal,Puducherry,,,1,3,,3,2,,5,59,3746,2017
689,Puducherry,Puducherry,,,1,12,,22,5,,13,593,4640,2017
690,Karaikal,Puducherry,0,,0,0,,0,0,,,0,0,2018
691,Puducherry,Puducherry,60,,0,34,,29,0,,,622,3606,2018
692,CAW,Delhi,0,0,0,0,0,0,0,0,0,0,187,2010
693,CENTRAL,Delhi,25,0,2,126,1553,25,20,5,35,1350,2828,2010
694,CRIME BRANCH,Delhi,0,0,0,1,9,0,0,0,0,8,61,2010
695,DELHI UT TOTAL,Delhi,601,32,143,3208,28165,565,507,53,599,23088,51292,2010
696,EAST,Delhi,83,7,12,357,4013,57,47,14,81,3443,6723,2010
697,EOW,Delhi,0,0,0,0,0,0,0,0,0,0,150,2010
698,GRP(RLY),Delhi,3,2,0,23,688,12,2,1,9,647,816,2010
699,IGI AIRPORT,Delhi,7,0,0,13,105,0,0,0,0,85,703,2010
700,NEW DELHI,Delhi,20,1,0,29,653,6,16,3,19,579,1452,2010
701,NORTH,Delhi,23,0,8,161,1396,30,7,1,24,1166,2889,2010
702,NORTH-EAST,Delhi,68,5,24,458,3219,68,51,6,57,2544,5062,2010
703,NORTH-WEST,Delhi,62,8,11,260,2856,60,50,2,178,2411,5016,2010
704,OUTER,Delhi,64,4,21,457,2821,98,49,3,39,2129,5495,2010
705,SOUTH,Delhi,66,4,9,240,2863,35,59,0,47,2454,5308,2010
706,SOUTH-EAST,Delhi,92,0,13,369,2957,48,80,10,32,2345,5606,2010
707,SOUTH-WEST,Delhi,28,1,24,363,1878,63,54,7,30,1339,3503,2010
708,STF,Delhi,0,0,0,1,1,0,0,0,0,0,18,2010
709,WEST,Delhi,60,0,19,350,3153,63,72,1,48,2588,5475,2010
710,CAW,Delhi,1,0,0,0,2,0,1,0,0,0,130,2011
711,CENTRAL,Delhi,32,0,3,154,1540,25,16,2,26,1308,2451,2011
712,CRIME BRANCH,Delhi,0,0,0,0,5,1,1,0,0,3,121,2011
713,DELHI UT TOTAL,Delhi,657,33,142,3767,28630,543,572,50,562,22899,53353,2011
714,EAST,Delhi,78,7,14,393,4094,54,55,10,67,3490,7004,2011
715,EOW,Delhi,0,0,0,0,0,0,0,0,0,0,149,2011
716,GRP(RLY),Delhi,7,3,1,25,793,10,4,0,21,746,972,2011
717,IGI AIRPORT,Delhi,8,0,0,3,80,1,0,1,0,67,565,2011
718,NEW DELHI,Delhi,17,1,1,33,480,6,2,3,12,418,1181,2011
719,NORTH,Delhi,15,1,4,177,1422,38,11,1,38,1176,2841,2011
720,NORTH-EAST,Delhi,88,5,21,530,3479,66,69,3,55,2702,5734,2011
721,NORTH-WEST,Delhi,48,4,10,331,2767,51,58,1,89,2268,4889,2011
722,OUTER,Delhi,65,4,34,577,3057,84,73,4,74,2220,6118,2011
723,SOUTH,Delhi,50,1,11,222,2634,30,65,4,31,2252,5141,2011
724,SOUTH-EAST,Delhi,127,4,19,478,3203,61,75,6,54,2437,6377,2011
725,SOUTH-WEST,Delhi,56,0,11,391,1822,51,69,10,52,1234,3783,2011
726,STF,Delhi,0,0,0,0,1,1,0,0,0,0,14,2011
727,WEST,Delhi,65,3,13,453,3251,64,73,5,43,2578,5883,2011
728,CAW,Delhi,0,0,0,0,0,0,0,0,0,0,178,2012
729,CENTRAL,Delhi,47,2,4,180,1706,35,31,6,47,1403,2973,2012
730,CRIME BRANCH,Delhi,0,0,0,3,6,1,1,0,0,1,90,2012
731,DELHI UT TOTAL,Delhi,727,28,134,3970,28169,521,706,79,608,22032,54287,2012
732,EAST,Delhi,96,4,7,503,4016,48,90,14,57,3258,7423,2012
733,EOW,Delhi,0,0,0,0,0,0,0,0,0,0,124,2012
734,GRP(RLY),Delhi,12,0,1,27,691,13,4,4,12,630,837,2012
735,IGI AIRPORT,Delhi,6,0,0,1,76,1,0,0,1,68,382,2012
736,NEW DELHI,Delhi,29,0,0,28,457,9,5,12,9,374,1057,2012
737,NORTH,Delhi,29,0,6,153,1257,25,14,5,45,1025,2700,2012
738,NORTH-EAST,Delhi,69,4,25,510,3352,49,78,5,58,2616,5903,2012
739,NORTH-WEST,Delhi,19,6,12,357,2413,60,64,0,65,1901,4542,2012
740,OUTER,Delhi,79,6,15,572,3051,96,67,7,91,2215,6344,2012
741,SOUTH,Delhi,59,2,17,245,2559,39,70,3,52,2126,5045,2012
742,SOUTH-EAST,Delhi,160,2,11,538,3775,46,116,12,72,2892,7040,2012
743,SOUTH-WEST,Delhi,69,0,18,399,1797,47,87,6,47,1171,4085,2012
744,STF,Delhi,0,0,0,0,0,0,0,0,0,0,6,2012
745,WEST,Delhi,53,2,18,454,3013,52,79,5,52,2352,5558,2012
746,CAW,Delhi,1,0,0,0,1,0,0,0,0,0,203,2013
747,CENTRAL,Delhi,174,1,2,220,2419,20,71,4,55,1928,4562,2013
748,CRIME BRANCH,Delhi,0,0,0,1,8,2,4,0,0,1,80,2013
749,EAST,Delhi,364,5,11,737,5632,51,210,7,134,4252,10388,2013
750,EOW,Delhi,0,0,0,0,0,0,0,0,0,0,163,2013
751,GRP(RLY),Delhi,11,0,0,19,602,13,4,2,20,553,760,2013
752,IGI AIRPORT,Delhi,9,0,0,1,89,0,0,0,2,79,351,2013
753,METRO RAIL,Delhi,16,0,1,8,903,1,0,2,2,875,962,2013
754,NEW DELHI,Delhi,66,0,1,74,659,7,19,19,14,473,1458,2013
755,NORTH,Delhi,164,2,9,266,2075,29,53,12,87,1542,4081,2013
756,NORTH-EAST,Delhi,333,5,27,923,5250,69,183,12,223,3703,9041,2013
757,NORTH-WEST,Delhi,301,10,17,597,3661,47,143,8,194,2548,6564,2013
758,OUTER,Delhi,332,6,14,923,4922,88,178,4,134,3383,9579,2013
759,SOUTH,Delhi,539,0,10,539,4698,23,163,4,68,3420,8593,2013
760,SOUTH-EAST,Delhi,386,2,16,719,4576,60,230,10,132,3155,8608,2013
761,SOUTH-WEST,Delhi,419,1,14,556,2321,52,194,9,116,1077,5963,2013
762,STF,Delhi,0,0,0,0,0,0,0,0,0,0,15,2013
763,WEST,Delhi,400,1,22,711,4527,55,184,20,64,3135,8813,2013
764,CENTRAL,Delhi,212,,7,,,30,91,6,,4124,4407,2014
765,CRIME BRANCH,Delhi,1,,0,,,0,1,0,,0,3792,2014
766,EAST,Delhi,446,,15,,,61,230,24,,9437,106830,2014
767,EOW,Delhi,2,,0,,,0,0,0,,0,363,2014
768,I.G.I. AIRPORT,Delhi,12,,0,,,1,0,0,,157,825,2014
769,METRO,Delhi,28,,0,,,0,1,1,,2198,9,2014
770,NEW DELHI,Delhi,56,,2,,,6,20,22,,1252,338,2014
771,NORTH,Delhi,180,,6,,,31,60,14,,4309,510,2014
772,NORTH EAST,Delhi,492,,27,,,84,237,25,,8185,725,2014
773,NORTH WEST,Delhi,404,,14,,,48,165,8,,7341,678,2014
774,OUTER,Delhi,428,,22,,,87,259,13,,10031,401,2014
775,RAILWAY,Delhi,19,,0,,,10,1,3,,1455,1650,2014
776,SOUTH,Delhi,595,,6,,,40,280,16,,8670,5499,2014
777,SOUTH WEST,Delhi,469,,24,,,67,266,20,,7557,9518,2014
778,SOUTH-WEST,Delhi,494,,17,,,66,234,5,,4632,8793,2014
779,spl CELL,Delhi,0,,0,,,0,0,0,,1,9909,2014
780,SPUWAC,Delhi,0,,0,,,0,0,0,,0,1323,2014
781,VIGILANCE,Delhi,0,,0,,,0,0,0,,0,1522,2014
782,WEST,Delhi,484,,13,,,55,251,3,,9404,2826,2014
783,CENTRAL,Delhi,256,4,4,,,36,85,9,382,5815,1717,2015
784,CRIME BRANCH,Delhi,0,0,0,,,1,2,0,0,4,1661,2015
785,EAST,Delhi,588,6,6,,,37,239,13,818,12295,2444,2015
786,EOW,Delhi,6,0,0,,,0,0,0,0,0,2430,2015
787,I.G.I. AIRPORT,Delhi,11,0,0,,,0,1,0,0,143,3000,2015
788,METRO,Delhi,15,0,0,,,1,4,0,8,3123,4326,2015
789,NEW DELHI,Delhi,48,1,0,,,7,22,7,112,1338,2016,2015
790,NORTH,Delhi,173,11,2,,,26,48,7,507,5512,2359,2015
791,NORTH EAST,Delhi,486,1,13,,,69,244,20,1301,9585,1948,2015
792,NORTH WEST,Delhi,400,15,14,,,47,172,8,849,8895,517,2015
793,OUTER,Delhi,536,9,28,,,108,315,15,992,11808,1483,2015
794,RAILWAY,Delhi,13,3,0,,,10,15,2,102,2768,2381,2015
795,SOUTH,Delhi,1183,3,10,,,34,323,11,658,12787,6416,2015
796,SOUTH WEST,Delhi,559,9,14,,,52,240,11,375,10486,933,2015
797,SOUTH-WEST,Delhi,606,10,13,,,70,217,20,571,6076,3475,2015
798,spl CELL,Delhi,1,0,0,,,0,0,0,0,0,4946,2015
799,SPUWAC,Delhi,0,0,0,,,0,0,0,0,0,1457,2015
800,VIGILANCE,Delhi,0,0,0,,,0,0,0,0,0,1071,2015
801,WEST,Delhi,486,3,18,,,72,272,7,732,13797,1835,2015
802,CENTRAL,Delhi,233,,,,,31,104,2,208,6768,5984,2016
803,CRIME BRANCH,Delhi,2,,,,,2,1,0,0,0,9737,2016
804,EAST,Delhi,380,,,,,34,221,4,658,13901,1817,2016
805,EOW,Delhi,0,,,,,0,0,0,0,0,2083,2016
806,I.G.I. AIRPORT,Delhi,11,,,,,0,0,0,2,234,2298,2016
807,METRO,Delhi,15,,,,,1,1,0,2,9702,2523,2016
808,NEW DELHI,Delhi,57,,,,,7,23,11,63,1830,4121,2016
809,NORTH,Delhi,171,,,,,26,65,3,233,7280,3725,2016
810,NORTH EAST,Delhi,333,,,,,51,223,15,829,11615,2139,2016
811,NORTH WEST,Delhi,371,,,,,46,190,17,597,12135,3458,2016
812,OUTER,Delhi,530,,,,,101,372,5,852,15033,2796,2016
813,RAILWAY,Delhi,4,,,,,6,7,0,60,3837,697,2016
814,SOUTH,Delhi,708,,,,,43,246,7,325,13965,1504,2016
815,SOUTH WEST,Delhi,510,,,,,58,275,5,265,10812,2711,2016
816,SOUTH-WEST,Delhi,389,,,,,58,171,5,225,6872,6936,2016
817,spl CELL,Delhi,1,,,,,0,0,0,0,0,1756,2016
818,SPUWAC,Delhi,0,,,,,0,0,0,0,0,3676,2016
819,VIGILANCE,Delhi,0,,,,,0,0,0,0,0,5243,2016
820,WEST,Delhi,450,,,,,64,256,5,442,16944,1635,2016
